{"cameraMode":{"drawMode":0,"name":"Shaded","section":"Shading Mode"},"sceneLighting":true,"audioPlay":false,"sceneViewState":{"showFog":true,"showMaterialUpdate":false,"showSkybox":true,"showFlares":true,"showImageEffects":true,"showParticleSystems":true},"in2DMode":false,"pivot":{"x":337.2422790527344,"y":-53.667449951171878,"z":200.8019256591797},"rotation":{"x":0.27102649211883547,"y":0.6213119029998779,"z":-0.2426396757364273,"w":0.6940154433250427},"size":178.42391967773438,"orthographic":false}